City,Latitude,Temperature (F),Humidity (%),Cloudiness (%),Windspeed (mph)
barentsburg,NA,NA,NA,NA,NA
cape coast,5.1053,80.58200000000002,83,0,3.61
sterlibashevo,53.4376,3.3800000000000416,94,100,3.47
raudeberg,61.9875,24.008000000000003,61,0,3.55
port hardy,50.6996,33.38600000000007,59,75,8.75
hilo,19.7297,70.17800000000007,57,20,4.63
castro,-24.7911,61.141999999999996,96,100,3.31
mahibadhoo,3.7833,81.23000000000005,73,84,4.3
anchorage,61.2181,16.430000000000042,73,75,2.57
albany,42.6001,19.814000000000032,47,100,0.45
aksu,41.1231,42.49400000000007,55,4,1.1
kholmsk,47.0511,28.4,50,40,7
egvekinot,66.3167,-25.95999999999998,82,1,5.73
boyolangu,-8.1181,85.35200000000007,68,63,3.41
nikolskoye,59.7035,4.622000000000035,85,40,1.78
illoqqortoormiut,NA,NA,NA,NA,NA
maragogi,-9.0122,77.25200000000008,87,9,3.57
tiksi,71.6872,-12.009999999999977,88,9,1.04
kapaa,22.0752,70.7,56,1,2.57
avarua,-21.2078,84.2,70,100,2.57
klaeng,12.7797,87.33200000000002,49,32,2.67
sukhodol,53.9006,5.7919999999999945,94,100,3.99
griffith,41.5284,19.868000000000087,73,90,3.09
bandarbeyla,9.4942,73.88600000000007,74,100,6.63
ayagoz,47.9714,2.533999999999992,91,100,3.27
dikson,73.5069,-22.647999999999982,86,1,2.04
mataura,-46.1927,49.891999999999996,88,100,5.31
hambantota,6.1241,78.8,73,40,4.63
nizhneyansk,NA,NA,NA,NA,NA
ometepec,16.6833,68.21600000000001,86,0,1.14
kodiak,57.79,37.4,75,90,14.4
puerto ayora,-0.7393,73.99400000000007,99,82,0.45
ushuaia,-54.8,64.4,52,40,7.72
nanortalik,60.1432,22.928000000000065,86,54,4.45
san cristobal,7.7669,64.70600000000003,88,16,1
faanui,-16.4833,81.53600000000007,71,29,9
marquette,46.5333,0.24800000000002598,64,4,3.56
taylor,32.3001,24.908000000000005,80,90,5.14
isangel,-19.55,87.8,70,75,2.57
paraiso,9.8383,64.32800000000006,83,85,3.13
punta arenas,-53.15,57.092,77,90,4.63
sao joao da barra,-21.6403,74.066,90,97,1.49
atuona,-9.8,78.78200000000001,80,3,8.35
cidreira,-30.1811,73.00400000000005,83,51,5.97
sahibganj,25.25,72.86000000000008,40,0,1.76
thompson,55.7435,-27.399999999999956,75,75,2.06
cape town,-33.9258,66.25400000000005,88,0,5.14
bethel,41.3712,24.170000000000062,68,90,1.54
kahului,20.8947,69.60200000000007,56,40,7.2
salinopolis,-0.6136,78.33200000000002,87,99,4.49
goderich,43.7501,17.6,73,100,2.06
ponta do sol,32.6667,56.24600000000005,77,84,0.89
ouargaye,11.5033,73.20200000000008,18,14,3.88
palabuhanratu,NA,NA,NA,NA,NA
carnarvon,-24.8667,80.6,61,0,7.72
belushya guba,NA,NA,NA,NA,NA
kidal,18.4411,67.64000000000001,20,17,4.2
rungata,NA,NA,NA,NA,NA
puerto escondido,15.85,78.8,78,1,2.75
fortuna,40.5982,44.79800000000002,100,1,1.26
esperance,-33.8667,68.0,49,90,6.69
tokmak,47.2514,34.28600000000007,91,97,0.48
itarema,-2.9248,79.84400000000008,82,83,4.22
taolanaro,NA,NA,NA,NA,NA
kargasok,59.0556,-13.485999999999969,88,100,4.89
qaanaaq,77.484,7.7720000000000375,77,95,4.35
bolshaya dzhalga,45.9695,42.54800000000002,88,9,3.6
maceio,-9.6658,75.2,94,75,0.51
myra,45.4358,42.35,93,52,2.57
oum hadjer,13.2954,64.07600000000009,28,0,4.88
sur,22.5667,73.47200000000004,62,85,2.82
san patricio,28.017,57.794000000000075,94,90,6.69
whitehorse,60.7161,-18.417999999999985,69,20,5.14
qurayyat,31.3318,46.4,87,0,4.12
lavrentiya,65.5833,-27.417999999999985,79,0,4.3
ilulissat,69.2167,12.2,62,0,7.72
bredasdorp,-34.5322,57.2,94,4,0.51
bluff,-46.6,52.52000000000006,86,100,12.6
san-pedro,4.7485,76.49600000000005,93,3,2.85
tarudant,NA,NA,NA,NA,NA
kavieng,-2.5744,82.958,76,57,3.92
taoudenni,22.6783,61.97000000000006,26,0,4.61
lushunkou,NA,NA,NA,NA,NA
clyde river,70.4692,3.1999999999999993,92,0,19.03
anshun,26.25,49.46000000000008,76,76,0.98
attawapiskat,NA,NA,NA,NA,NA
rikitea,-23.1203,78.566,78,7,5.5
hermanus,-34.4187,66.00200000000008,89,5,1.79
marihatag,8.7936,81.77000000000007,77,100,2.92
new norfolk,-42.7826,74.71400000000003,30,97,1.96
byron bay,-28.65,76.98200000000001,57,75,5.66
amderma,NA,NA,NA,NA,NA
kieta,-6.2167,81.64400000000008,79,95,2.96
rocha,-34.4833,66.27200000000003,93,90,3.32
east london,-33.0153,71.6,94,20,3.09
prosvet,55.5703,-14.673999999999964,87,21,2.24
victoria,22.2855,65.26400000000004,76,1,0.45
sorvag,NA,NA,NA,NA,NA
jennings,38.7192,16.37600000000009,73,90,5.14
sao filipe,14.8961,70.66400000000003,73,38,3.79
bambous virieux,-20.3428,82.00400000000005,68,23,4.47
luderitz,-26.6481,66.21800000000009,79,88,3.21
butaritari,3.0707,81.734,76,100,6.38
mar del plata,-38.0023,67.73000000000005,83,90,7.2
lompoc,34.6391,50.306000000000026,76,1,5.66
barreirinhas,-2.7469,79.142,83,100,2.82
tumannyy,NA,NA,NA,NA,NA
ribeira grande,38.5167,58.891999999999996,65,68,14.18
bolshaya irba,NA,NA,NA,NA,NA
saint-pierre,-21.3393,78.38600000000007,61,20,1.54
atasu,48.6814,2.732000000000017,86,93,2.64
constitucion,-35.3333,61.73600000000007,92,36,1.28
pochutla,15.7432,77.0,80,0,2.06
mitsamiouli,-11.3847,82.58000000000004,76,100,6.46
itaituba,-4.2761,72.96800000000009,94,90,0.31
salalah,17.0151,71.6,43,0,3.09
tuktoyaktuk,69.4541,-23.799999999999955,76,1,7.72
sisimiut,66.9395,12.506000000000029,94,74,3.95
husavik,66.0449,19.4,93,90,2.06
kudahuvadhoo,2.6708,81.32000000000006,76,42,5.74
billings,45.7833,-8.463999999999984,70,90,5.66
ladario,-19.0047,71.65400000000005,94,100,1.45
woodstock,43.1334,14.954000000000054,67,100,1.03
vila velha,-20.3297,75.93800000000005,88,20,1.54
meulaboh,4.1363,86.03600000000007,66,98,0.96
cayenne,4.9333,75.2,100,75,3.09
muravlenko,63.7898,-22.359999999999978,86,100,6.81
katsuura,35.1333,53.22200000000004,35,20,8.23
culebra,18.303,76.55,65,1,4.63
jalu,29.0331,54.82400000000001,36,0,3.4
vaitupu,NA,NA,NA,NA,NA
iclanzel,46.5333,44.780000000000044,93,75,2.06
mys shmidta,NA,NA,NA,NA,NA
port elizabeth,-33.918,71.6,100,90,1.54
souillac,-20.5167,80.99600000000005,68,98,4.02
lebu,-37.6167,59.0,96,6,4.1
paamiut,61.994,19.31000000000008,81,0,2.9
ribas do rio pardo,-20.4431,69.27800000000006,88,69,1
orahovac,42.3994,46.688000000000045,81,75,3.09
barrow,71.2906,-39.99999999999996,84,1,4.63
mbandaka,0.0487,72.03200000000001,64,74,0.67
louisbourg,NA,NA,NA,NA,NA
lensk,60.7253,3.938000000000045,90,99,2.45
saskylakh,71.9167,-21.549999999999955,84,0,2.85
saint-philippe,-21.3585,77.52200000000003,61,20,1.54
ancud,-41.8697,63.266000000000005,77,0,3.09
gizo,-8.103,84.25400000000005,74,96,4.42
vaini,-21.2,82.4,83,75,6.17
geraldton,-28.7667,80.6,28,0,9.77
tacoronte,28.4769,57.34400000000007,82,40,3.09
sobolevo,54.4299,-0.9219999999999331,93,100,2.38
baykit,61.67,-10.533999999999942,85,99,1.12
homer,59.6425,32.59400000000007,75,90,2.06
sept-iles,50.2001,3.1999999999999993,55,20,4.12
dourbali,11.8091,64.20200000000008,25,1,3.97
hasaki,35.7333,54.59000000000002,28,40,6.17
roald,62.5833,17.078000000000067,50,0,6.17
imbituba,-28.24,69.8,94,0,1.52
bone,51.9669,18.464000000000034,93,75,3.09
mahebourg,-20.4081,80.99600000000005,68,24,4.02
yar-sale,66.8333,-23.133999999999943,85,92,6.04
bossembele,NA,NA,NA,NA,NA
ewa beach,21.3156,75.50600000000003,47,75,2.06
namatanai,-3.6667,82.20200000000008,79,76,3.21
novo aripuana,-5.1206,74.28200000000001,98,100,1.15
hami,42.8,36.82400000000001,65,76,3.68
chuy,-33.6971,69.24199999999999,89,82,4.96
broken hill,-31.95,96.8,20,0,5.66
aviles,43.5547,49.58600000000007,93,75,1.03
busselton,-33.65,64.99400000000007,66,88,2.68
flin flon,54.7682,-29.79399999999997,84,87,2.4
san quintin,30.4833,55.832000000000015,80,1,5
yarim,14.298,44.18600000000007,60,16,1.87
talnakh,69.4865,-16.923999999999964,81,0,1.15
puerto del rosario,28.5004,62.6,77,20,3.09
marsa matruh,31.3525,50.0,53,0,2.06
puerto madryn,-42.7692,68.25200000000008,61,0,13.5
hithadhoo,-0.6,81.89600000000004,79,28,5.68
petropavlovsk-kamchatskiy,53.0452,33.8,64,40,7
mangrol,21.1167,74.57000000000006,33,100,3.37
agua dulce,18.1333,73.4,94,1,2.22
irbil,36.1926,42.8,81,0,1.03
cherskiy,68.75,-12.225999999999935,87,0,1.89
jamestown,42.097,16.952000000000076,86,90,2.57
carlsbad,33.1581,52.610000000000085,82,1,2.05
skagastrond,NA,NA,NA,NA,NA
chokurdakh,70.6333,-13.179999999999936,89,43,2.87
tucurui,-3.7661,74.91200000000006,94,100,2.8
gejiu,23.306,51.872000000000035,76,0,2.24
aklavik,68.2191,-26.553999999999952,75,0,2.06
la romana,18.4273,68.0,100,40,2.57
mumford,5.2618,80.43800000000005,85,2,4.83
bengkulu,-3.8004,84.61400000000003,64,49,2.58
guerrero negro,27.9769,56.67800000000007,77,18,6.8
sorada,19.75,81.77000000000007,22,6,1.18
port alfred,-33.5906,71.99600000000005,95,19,2.73
xuanzhou,30.9525,54.71600000000001,73,100,6.28
pangnirtung,66.1451,4.820000000000061,70,0,1.23
jaque,7.5175,76.87400000000001,82,31,2.98
verkhnetulomskiy,68.6073,-2.199999999999946,84,40,1.12
longyearbyen,78.2186,6.800000000000001,66,75,9.26
allanmyo,NA,NA,NA,NA,NA
cabedelo,-6.9811,78.8,94,75,2.06
eskisehir,39.7767,31.946000000000048,100,12,0.51
yandyki,45.7691,36.08600000000007,94,100,0.91
camapua,-19.5314,69.92600000000009,88,72,1.62
quatre cocos,-20.2078,80.99600000000005,68,32,4.02
abong mbang,3.9833,66.542,70,87,1.22
klaksvik,62.2266,23.0,86,61,5.13
limbang,4.75,83.10200000000007,79,75,1.54
celestun,20.8667,77.73800000000004,67,10,5.26
tautira,-17.7333,83.174,61,40,3.09
sturgis,41.7992,16.628000000000064,73,90,2.84
bilma,18.6853,63.733999999999995,24,0,2.59
agadez,19.75,58.91000000000008,29,0,0.18
brahmapuri,NA,NA,NA,NA,NA
kaliyaganj,25.6333,74.15600000000003,35,0,0.76
batemans bay,-35.7167,76.04600000000005,77,1,3.58
rio grande,-32.035,73.00400000000005,92,97,1.34
azrow,NA,NA,NA,NA,NA
te anau,-45.4167,55.86800000000009,63,99,3.18
mafeteng,-29.823,60.044000000000075,78,54,1.35
kamenskoye,NA,NA,NA,NA,NA
beloha,-25.1667,71.33000000000004,84,100,3.38
sentyabrskiy,NA,NA,NA,NA,NA
nome,64.5011,-7.599999999999952,49,1,7.72
mnogovershinnyy,53.9353,14.486000000000068,96,68,4.01
puntarenas,9.9763,69.8,73,0,6.17
yellowknife,62.456,-16.29399999999997,83,40,2.06
yueyang,29.3333,61.84400000000007,65,0,3.13
papetoai,-17.4961,83.192,61,40,3.09
amuntai,-2.4177,93.81200000000005,53,80,0.91
alpena,45.0617,12.091999999999995,73,75,3.6
marshfield,44.6689,-5.799999999999947,65,1,3.58
pyay,18.8167,85.67600000000009,24,0,1.34
reporoa,-38.4333,74.82200000000003,60,60,2.24
kochevo,59.5994,-19.26399999999999,87,37,0.79
price,39.5994,33.8,64,1,1.54
brae,60.3964,34.088000000000044,82,21,4.74
george,-33.963,66.2,94,90,1.54
wuzhou,23.4833,67.208,59,1,0.85
dali,25.7,58.67600000000009,39,3,1.91
auki,-8.7676,82.058,82,96,4.69
pisco,-13.7,72.35600000000002,78,0,2.57
xining,36.6167,40.17200000000004,55,5,1.82
lorengau,-2.0226,84.83000000000004,71,100,5.27
mudgal,16.0167,73.23800000000004,36,36,3.37
faya,18.3851,48.182000000000016,81,0,0.58
tasiilaq,65.6145,6.800000000000001,61,87,3.09
gardenstown,57.671,10.166000000000007,85,0,1.03
yaan,7.3833,73.79600000000005,29,18,1.58
marcona,NA,NA,NA,NA,NA
samalaeulu,NA,NA,NA,NA,NA
georgetown,5.4112,84.86600000000001,79,20,2.57
arraial do cabo,-22.9661,73.94000000000003,82,100,1.74
norman wells,65.282,-16.59999999999995,76,20,4.12
pundaguitan,6.3711,81.80600000000003,79,71,3.85
college,64.8569,1.9940000000000744,66,75,0.63
bairiki,1.3292,84.2,74,40,4.63
constantine,36.365,42.8,81,20,2.57
ahipara,-35.1667,67.67600000000009,68,73,4.93
mandalgovi,45.7625,25.55600000000003,76,39,8.57
altay,47.8667,11.624000000000013,80,70,0.66
areia branca,-4.9561,80.13200000000002,78,72,6.69
verkhnyaya inta,65.9811,-20.163999999999987,87,100,3.31
upernavik,72.7868,-2.109999999999978,90,86,5.36
coquimbo,-29.9533,62.6,88,90,3.6
pangai,-19.8,78.8,94,75,2.57
port lincoln,-34.7333,71.69000000000003,58,100,3.75
mazatlan,23.2167,66.34400000000008,88,1,1.54
tunduru,NA,NA,NA,NA,NA
hobart,-42.8794,73.94000000000003,38,0,6.17
aykhal,66,-13.161999999999956,87,16,2.21
miri,4.4148,84.11000000000008,84,40,2.57
poya,-21.35,79.43000000000004,71,67,4.03
samusu,NA,NA,NA,NA,NA
saint anthony,45.0205,-2.2359999999999687,54,1,3.6
ternate,0.8,85.96400000000003,67,7,1.66
tsihombe,NA,NA,NA,NA,NA
deputatskiy,69.3,-19.659999999999982,90,84,1.16
maltahohe,-24.8333,69.60200000000007,58,96,4.13
cagdianao,9.9211,81.86000000000008,78,95,4.5
hobyo,5.3505,77.36000000000008,71,89,8.35
sharjah,25.3573,59.9,100,90,2.57
aksum,14.1245,45.733999999999995,83,35,1.79
nuuk,64.1835,24.8,93,90,2.06
sioux lookout,50.1001,-25.59999999999995,75,40,1.03
nepa nagar,21.4667,75.65,19,99,1.38
ust-charyshskaya pristan,52.3934,-15.51999999999996,87,99,1.46
torbay,47.6666,19.79600000000005,73,90,13.38
sunrise manor,36.2111,58.91000000000008,26,20,1.54
gaoua,10.2992,71.69000000000003,19,0,1.69
saint george,37.1041,54.842,35,1,1.34
laguna,38.421,57.056000000000026,63,1,3.09
joensuu,62.6012,-8.985999999999969,77,90,1.03
srednekolymsk,67.45,-13.431999999999967,88,44,1.59
port macquarie,-31.4333,77.66600000000001,53,40,5.14
monrovia,6.3005,77.0,94,40,3.45
linshu,NA,NA,NA,NA,NA
swan river,52.1058,-20.199999999999953,63,100,2.57
albion,42.2431,15.260000000000083,79,90,2.19
kleck,NA,NA,NA,NA,NA
moscow,55.7522,3.1999999999999993,84,40,3
chapais,49.7834,-11.199999999999946,84,90,0.61
fomboni,-12.28,83.66000000000008,74,100,9.15
mogadishu,2.0371,75.7760000000001,82,78,7.82
honningsvag,70.9821,25.466000000000008,88,100,1.86
flinders,-34.5833,79.50200000000008,58,0,3.13
griesheim,49.8628,19.382000000000016,86,75,1.03
abyek,36.0667,43.71800000000009,53,40,2.06
iqaluit,63.7506,1.2020000000000763,78,1,2.06
cap malheureux,-19.9842,80.99600000000005,68,43,4.02
coihaique,-45.5752,66.2,52,0,2.22
karpathos,35.507,59.0,82,0,3.6
kamenka,51.3223,27.482000000000017,99,100,4.86
hofn,64.2539,38.93000000000004,74,100,7.23
gardez,33.5974,39.43399999999999,56,0,1.45
kedrovyy,56.1667,-7.599999999999952,71,20,4
kochki,54.3358,-26.80599999999997,85,0,2.97
manzanillo,20.3433,72.69800000000002,78,11,4.33
loa janan,-0.583,88.82600000000009,62,100,0.54
soto la marina,23.7667,69.00800000000001,94,2,0.89
det udom,14.906,77.46800000000009,41,0,5.14
bocana de paiwas,12.7857,67.80200000000008,93,6,2.05
miass,55.045,-6.285999999999966,91,98,0.73
bogale,16.2833,84.92000000000006,29,0,2.26
alice springs,-23.7,96.8,34,40,6.17
korla,41.7597,39.02000000000006,62,95,3.3
warqla,NA,NA,NA,NA,NA
gobabis,-22.45,64.41800000000009,80,100,2.24
fare,-16.7,80.97800000000007,69,26,9.37
bababe,NA,NA,NA,NA,NA
kyra,49.5776,21.65,93,100,7.38
kolondieba,11.0882,70.68200000000002,22,0,1.95
manyana,-23.4,67.87400000000001,71,100,2.26
yulara,-25.2406,91.4,43,75,3.6
nouadhibou,20.931,62.6,77,0,7.72
felipe carrillo puerto,19.5833,69.94400000000007,98,1,1.15
araguatins,NA,NA,NA,NA,NA
kavaratti,10.5669,81.32000000000006,60,94,3.18
narsaq,60.9167,33.8,27,0,14.4
wad rawah,15.1603,68.21600000000001,36,0,3.17
kaitangata,-46.2817,57.992,63,100,9.39
tuatapere,-46.1333,51.49400000000007,85,100,6.12
brebeni,44.3667,47.102000000000075,93,75,1.54
custodia,-8.0875,72.71600000000001,83,90,3.97
tjome,59.1109,13.04600000000005,73,0,4.63
rio das pedras,-22.8433,69.08000000000004,88,0,6.17
kazalinsk,NA,NA,NA,NA,NA
strezhevoy,60.7333,-18.39999999999995,76,0,4
andenes,69.3143,30.2,59,20,5.14
conakry,9.538,77.39600000000004,79,0,4.31
lerwick,60.1545,35.582000000000015,80,12,6.11
bubaque,11.2833,77.03600000000007,66,57,5.42
mombetsu,44.3525,26.6,80,75,7.72
balykshi,47.0667,30.2,100,40,3
bolungarvik,NA,NA,NA,NA,NA
kruisfontein,-34.0033,71.00600000000003,92,9,0.45
atar,20.5169,63.662000000000056,23,0,4.61
pitea,65.3172,5.0,85,55,2.06
grand river south east,NA,NA,NA,NA,NA
kapoeta,4.7717,80.09600000000005,34,100,3.75
irbit,57.6705,-20.82999999999994,86,0,1.6
shingu,33.7333,55.4,38,75,6.69
werder,52.3787,21.578000000000067,91,33,2.51
agropoli,40.3469,48.30800000000001,95,93,4.34
bralostita,44.5,47.13800000000005,93,75,1.54
beihai,21.4833,65.10200000000007,67,0,5.33
whangamata,-37.2,71.00600000000003,76,82,0.89
zagare,56.3592,1.3999999999999986,92,20,3.09
bilibino,68.0546,-4.593999999999973,86,99,0.92
komyshuvakha,47.7176,32.0,93,90,0.26
provideniya,64.3833,-9.399999999999949,64,0,9
saryshagan,NA,NA,NA,NA,NA
guilin,25.2819,62.6,59,40,2.88
codrington,-38.2667,93.092,22,100,7.31
orlik,52.5178,3.0380000000000464,87,100,0.97
dengzhou,37.8086,51.15200000000008,46,0,3.34
montepuez,-13.1256,69.22400000000002,99,100,3.03
mbala,-8.8402,60.69199999999999,95,100,0.97
sibolga,1.7427,86.81000000000009,59,44,1.76
saint-leu,-21.15,74.71400000000003,62,33,0.85
samarai,-10.6167,86.32400000000001,66,52,5.57
vanderhoof,54.0166,-15.93399999999994,85,88,0.6
seoul,37.5683,45.23000000000004,57,75,2.06
mabaruma,8.2,70.934,92,25,0.98
una,20.8167,77.70200000000008,27,100,2.96
leningradskiy,69.3833,-28.929999999999936,82,0,2.13
dunedin,-45.8742,60.998000000000026,60,71,9.39
concarneau,47.875,27.518000000000086,69,0,5.14
saleaula,NA,NA,NA,NA,NA
moyo,3.6609,77.63000000000004,37,74,0.89
dhidhdhoo,6.8833,81.69800000000002,63,55,3.19
vila franca do campo,37.7167,58.478000000000065,72,40,10.29
vila do maio,15.1333,69.8,64,0,6.69
baturaja,-4.1333,86.97200000000004,63,48,1.43
arrifes,37.7667,58.478000000000065,72,40,10.29
baillif,16.0202,73.4,88,0,3.09
rundu,-17.9333,66.74000000000002,97,100,0.65
khatanga,71.9667,-22.28799999999994,83,1,1.93
igarka,67.4667,-18.84999999999995,87,78,2.97
cortez,37.3489,34.82600000000009,65,90,2.06
erzin,36.9559,53.00600000000003,84,30,4.02
preobrazhenskaya,NA,NA,NA,NA,NA
panacan,9.2463,87.8,62,20,4.12
mocuba,-16.8392,73.70600000000003,98,100,1.96
axim,4.8699,79.37600000000009,86,29,2.92
lephepe,NA,NA,NA,NA,NA
phan thiet,10.9333,81.77000000000007,62,35,4.06
tarko-sale,64.9225,-18.99399999999997,76,100,4.26
fairbanks,64.8378,1.436000000000071,71,1,0.98
cabo san lucas,22.8909,62.438000000000045,82,1,7.72
litoral del san juan,NA,NA,NA,NA,NA
dale,38.1689,25.718000000000085,86,90,4.12
bridlington,54.0831,33.314000000000036,68,93,2.68
beaverlodge,55.2166,-25.59999999999995,68,75,2.06
paracatu,-17.2222,66.95600000000003,96,99,0.58
domna,51.8971,15.8,92,90,5.39
tura,25.5198,76.11800000000008,31,0,1.06
lao cai,22.4833,72.19400000000007,55,26,1.15
koungou,-12.7336,80.6,83,75,3.6
smoky lake,54.1169,-21.45999999999998,76,100,1.03
ziguinchor,12.5833,69.8,73,0,1.03
waingapu,-9.6567,87.29600000000005,65,77,4.14
vestmanna,62.1564,21.2,86,16,1.03
baoro,5.6667,61.46600000000001,30,38,0.99
toropets,56.4978,3.5240000000000116,94,100,1.98
mariinskiy posad,56.115,-0.39999999999994884,85,75,4
kargil,34.5667,9.410000000000082,80,11,0.14
sorland,67.667,30.074000000000012,98,94,5.45
kaduna,10.5222,66.50600000000003,22,0,3.55
sampit,-2.5333,93.41600000000001,49,91,1.9
ostrovnoy,68.0531,2.1560000000000272,92,8,5.18
nemuro,43.3236,30.2,51,75,2.06
indian head,38.6001,33.47600000000009,93,90,1.54
porto novo,6.4965,84.2,84,40,5.66
dalvik,65.9702,19.4,93,90,2.06
shahr-e babak,30.1165,49.17200000000004,42,96,2.76
darab,28.7519,55.59800000000003,35,28,0.65
ladispoli,41.9537,44.96000000000008,93,0,1.03
iralaya,15,76.02800000000006,86,0,3.4
necochea,-38.5473,60.998000000000026,94,0,1.79
severo-kurilsk,50.6789,26.491999999999997,97,100,9.77
vanavara,60.34,-4.791999999999945,90,73,1.77
la plaine,15.3333,75.88399999999999,80,32,7.08
lata,40.1629,56.354000000000056,94,100,0.45
kisangani,0.5167,70.82600000000009,63,100,0.9
atlantic city,39.3643,34.28600000000007,69,90,1.54
ixtapa,20.7,69.8,78,90,0.24
saint-francois,46.4154,28.4,93,90,4.12
solvychegodsk,61.3305,-12.657999999999952,87,57,1.1
alofi,-19.0595,86.0,74,75,3.09
qasigiannguit,68.8193,12.2,62,1,7.72
podgornoye,51.735,17.6,93,90,2
zhetybay,NA,NA,NA,NA,NA
saldanha,-33.0117,62.6,82,0,2.57
leshukonskoye,64.8989,-8.679999999999936,90,88,2.21
dergachi,51.2328,19.418000000000085,97,100,1.86
jijiga,9.35,55.688000000000045,40,96,4.61
lisakovsk,52.5369,-3.72999999999994,92,89,3.25
rassvet,46.8333,42.42200000000004,96,97,4.44
changping,40.2186,43.898000000000025,42,1,2
inderborskiy,NA,NA,NA,NA,NA
nam tha,NA,NA,NA,NA,NA
barranca,-10.75,71.78000000000004,74,87,1.48
tual,-5.6667,83.80400000000006,77,73,5.04
westport,41.1415,27.410000000000082,64,90,1.12
mandurah,-32.55,73.00400000000005,50,0,0.89
presidente medici,-11.1753,72.03200000000001,97,100,1.31
emba,48.8264,23.75600000000003,97,100,5.27
noyabrsk,63.1994,-20.973999999999954,86,100,6.02
kirksville,40.1948,9.824000000000012,67,90,4.12
karratha,-20.7377,94.94600000000005,42,10,4.93
padang,-0.9492,86.0,66,20,0.51
kungurtug,50.5994,7.682000000000016,88,100,1.09
inirida,3.8653,76.37000000000006,82,100,1.26
verkhnevilyuysk,63.4453,-13.28799999999994,88,94,1.05
asyut,27.181,48.2,71,0,3.09
atikokan,48.7555,-16.81599999999996,88,98,2.03
dingli,35.8614,56.768000000000086,77,75,10.8
ponta delgada,37.7333,59.0,72,40,10.29
tomatlan,19.9333,61.898000000000025,91,0,0.48
walla walla,46.0646,25.466000000000008,69,1,2.57
pedernales,18.0384,76.08200000000002,64,0,1.78
mildura,-34.2,99.24800000000002,19,35,6.69
mahajanga,-15.7167,75.2,94,40,2.06
porto velho,-8.7619,73.4,94,40,1.03
sainte-marie,-20.8968,74.53399999999999,88,75,7.72
krutinka,56.0055,-24.753999999999948,84,0,2.63
bonavista,48.6499,17.81600000000001,86,100,4.63
ukiah,39.1502,50.27000000000006,67,1,1.54
vuktyl,63.8567,-23.187999999999946,87,100,2.15
kuybyshevo,47.8123,38.13800000000005,96,100,3.11
sfantu gheorghe,45.8667,37.05800000000001,80,98,1.34
cockburn town,21.4612,76.78399999999999,77,0,8.26
le port,-20.9373,73.76000000000008,88,75,7.72
tungkang,NA,NA,NA,NA,NA
mehamn,71.0357,21.002000000000077,87,100,0.9
arenzano,44.4052,43.88000000000004,70,0,0.51
antofagasta,-23.65,68.0,77,90,2.57
los llanos de aridane,28.6585,60.8,72,0,3.6
mullaitivu,NA,NA,NA,NA,NA
saint-ambroise,48.5501,2.840000000000021,72,3,4.12
stornoway,58.2093,31.58600000000007,59,0,4.63
botwood,49.1499,17.00600000000003,77,100,3.13
formoso do araguaia,NA,NA,NA,NA,NA
astakos,38.5356,59.9,72,75,6.17
masyaf,35.0653,51.8,87,20,2.57
penalva,-3.2942,74.15600000000003,97,100,1.03
sambava,-14.2667,76.208,88,100,2.32
tiruvottiyur,NA,NA,NA,NA,NA
aasiaat,68.7098,6.764000000000031,94,7,3.54
ulaanbaatar,47.9077,14.0,67,75,6
rolim de moura,NA,NA,NA,NA,NA
nowy dwor gdanski,54.2131,14.81000000000008,86,75,3.6
tarbagatay,51.4803,19.4,45,20,4
cairns,-16.9167,84.88399999999999,70,75,3.6
airai,-8.9266,72.62600000000009,86,98,1.55
cantaura,9.3057,73.38200000000002,69,14,4.98
haimen,23.1935,62.6,82,90,3
abu dhabi,24.4667,64.4,94,16,0.51
athabasca,54.7169,-21.04599999999995,69,100,2.06
issia,6.4922,73.13000000000004,95,26,1.22
kyshtovka,56.555,-23.70999999999998,85,0,3.2
wagar,16.1525,65.26400000000004,90,5,3.2
aguimes,27.9054,59.288000000000046,72,0,1.54
vao,-22.6667,76.46000000000008,82,22,7.12
perivolion,39.4206,54.96800000000009,88,75,10.29
la ronge,55.1001,-25.59999999999995,62,92,1.54
ochtrup,52.2167,14.018000000000086,92,75,0.51
el alto,-4.2714,73.13000000000004,83,56,3.65
innisfail,-17.5333,81.55400000000006,84,52,3.69
rudbar,30.15,62.36600000000001,29,17,0.32
lufilufi,-13.8745,86.0,84,75,6.17
plekhanovo,52.6271,12.32600000000009,96,98,3.56
nabire,-3.3667,85.49600000000005,68,99,2
aktau,43.65,37.4,81,0,6
vestmannaeyjar,63.4427,40.891999999999996,70,100,12.2
manali,13.1667,75.2,78,20,1.03
sosnovo-ozerskoye,52.5249,17.24000000000002,96,100,6.33
sataua,NA,NA,NA,NA,NA
muli,2.9167,81.57200000000003,72,42,5.14
bauchi,10.5,59.99000000000002,28,0,1.46
jackson,42.4165,42.062000000000054,77,94,1.34
buala,-8.145,81.158,83,100,5.16
nefteabad,NA,NA,NA,NA,NA
ust-nera,64.5667,9.410000000000082,85,69,1.91
vilhena,-12.7406,69.27800000000006,97,100,0.81
broome,42.2506,19.472000000000037,49,90,0.23
santa marta,11.2408,84.2,51,20,5.14
hervey bay,-25.2986,82.4,47,47,7.2
portland,45.5234,40.064000000000036,64,95,1.06
qaqortoq,60.7167,33.8,27,0,14.4
ijaki,NA,NA,NA,NA,NA
halalo,NA,NA,NA,NA,NA
wasilla,61.5814,13.28000000000004,92,75,0.61
moorhead,46.8739,-8.535999999999966,64,1,3.6
richards bay,-28.783,74.55200000000008,82,98,0.5
doctor pedro p. pena,NA,NA,NA,NA,NA
san carlos de bariloche,-41.1456,75.2,35,20,4.63
pevek,69.7008,-17.247999999999976,71,0,0.55
harstad,68.799,21.164000000000033,92,40,4.04
batsfjord,70.6345,21.2,58,20,6.69
coahuayana,18.7333,67.15400000000005,87,3,1.01
xacmaz,41.4635,46.16600000000001,83,100,4.54
tabuk,17.4189,82.83200000000002,68,9,1.93
thaba nchu,-29.2093,60.8,88,0,0.51
jiayuguan,39.8167,41.25200000000008,54,21,5.32
grindavik,63.8424,35.6,87,75,8.23
juifang,NA,NA,NA,NA,NA
jujuy,NA,NA,NA,NA,NA
kaeo,-35.1,71.00600000000003,74,94,3.13
larreynaga,12.6769,73.70600000000003,61,0,1.92
salisbury,51.0693,25.808000000000003,93,48,3.6
tezu,27.9167,78.71000000000008,17,0,1.7
chakulia,22.4833,77.77400000000002,30,15,1.98
vanimo,-2.6741,83.03000000000004,71,96,1.56
corumba,-19.0092,71.20400000000005,95,100,1.41
bollnas,61.3482,3.9919999999999973,85,0,2.05
ekhabi,53.5102,24.53000000000004,97,100,4.05
sao joao da ponte,-15.9292,66.61400000000003,94,65,1.32
chicama,-7.8447,74.12000000000006,72,100,1.66
cascais,38.6979,56.94800000000002,95,100,4.56
pallasovka,50.05,30.991999999999997,98,100,5.21
bathsheba,13.2167,76.71200000000006,77,2,8.29
carauari,-4.8828,74.642,94,86,1.24
ozernovskiy,51.5,24.29600000000005,96,100,6.12
odienne,9.51,68.99000000000002,24,6,1.01
ati,13.2154,65.66000000000008,27,0,4.94
dryden,49.7833,-16.59999999999995,83,75,2.57
heidelberg,-26.5048,62.00600000000003,86,100,2.92
lyubech,51.7026,6.56600000000001,95,98,2.74
muros,42.7762,58.424000000000014,94,100,2.68
pokaran,26.9167,73.68800000000005,19,60,3.59
beringovskiy,63.05,-23.277999999999963,85,78,6.48
acapulco,16.8634,78.8,73,20,3.09
maniitsoq,65.4167,15.314000000000032,86,0,1.61
vagay,57.9375,-23.619999999999962,86,0,1.96
hualmay,-11.0964,72.734,72,100,2.66
chinsali,-10.5414,63.48200000000001,96,100,1.68
nishiwaki,34.9833,50.82800000000007,54,40,3.09
blagoyevo,63.3667,-14.241999999999948,89,19,1.66
zhigansk,66.7697,-11.16399999999998,87,100,3.86
rockhampton,-23.3833,86.0,39,55,5.14
champerico,14.3,62.76200000000006,94,28,4.45
half moon bay,37.4636,49.838000000000044,93,20,1.28
pasighat,28.0667,76.85600000000002,23,0,1.31
saryozek,44.3583,34.82600000000009,96,100,1.97
casper,42.8666,5.449999999999999,72,90,4.63
kurchum,48.5722,4.424000000000014,86,100,0.64
santa rosa,14.3122,84.18200000000002,78,40,3.09
muroto,33.2833,55.4,38,0,4.63
zhangye,38.9342,46.97600000000009,42,0,4.65
